"Race Time","Course","Distance (y)","Race Type","Official Going","Classifications","Draw","Draw IV","Position","Horse","Jockey Claim","Weight (pounds)","DSLR","Dam","Sire","Form String","SP Odds Decimal","BF Decimal SP","Won (1=Won, 0=Lost)","PRC Average","PRC Last Run","PRC 2nd Last Run","PRC 3rd Last Run","Pace Rating","Pace Rating Rank","OR","OR Rank","Tissue Odds Decimal","PFR Rank","Main","Main Rank","Main Stats","Stats","Stats Rank","Trn Stats","Jky Stats","TrnJky Stats","Hrs Stats","HA Career Speed Rating","HA Career Speed Rating Rank","HA Last 1 Year Speed Rating","HA Last 1 Year Speed Rating Rank","MR Career Speed Rating","MR Career Speed Rating Rank","MR Last 1 Year Speed Rating","MR Last 1 Year Speed Rating Rank","MR Last 3 Runs Speed Rating","MR Last 3 Runs Speed Rating Rank","LTO Speed Rating","LTO Speed Rating Rank","2nd LTO Speed Rating","2nd LTO Speed Rating Rank","3rd LTO Speed Rating","4th LTOt Speed Rating","Evening Price","Breakfast Price","Morning Price",dyHA,dyLTO,dyAVG,dyAVG(x),dyMR,dyMR(x),dy2HA,"Finished Races SR","WON SR Before","Won P/L Before","Plc SR Before","Distance LTO (Same Code)","Distance In Yards LTO (Same Code)","Pounds LTO (Same Code)","Official Rating LTO (Same Code)","Distance To Winner LTO (Same Code)",DSLR(F),DSLR(J),"FLAT TURF Runs Before","FLAT AW Runs Before","CHASE Runs Before","HURDLE Runs Before","NHF Runs Before","ALL FLAT Runs Before","FLAT TURF Wins Before","FLAT AW Wins Before","CHASE Wins Before","HURDLE Wins Before","NHF Wins Before","Distance In Yards LTO","Official Rating LTO","Distance To Winner LTO","Betfair SP Odds LTO (Decimcal)","Speed Rating LTO","PRC Average LTO","PRC Last Run LTO","PRC 2nd Last Run LTO","PRC 3rd Last Run LTO","JSH Mean Movement Rank","Cherry Picked Rating","Today's Going Wins","Today's Going Places","Today's Going Runs","Today's Distance Wins","Today's Distance Places","Today's Distance Runs","Today's Class Wins","Today's Class Places","Today's Class Runs","Today's Course Wins","Today's Course Places","Today's Course Runs","Heavy/Soft Ground Wins","Heavy/Soft Ground Places","Heavy/Soft Ground Runs","Good to Soft Ground Wins","Good to Soft Ground Runs","Good Ground Wins","Good Ground Runs","Good to Firm Ground Wins","Good to Firm Ground Runs","SpeedRating LTO"
"13/11/2024 12:25:00 PM","Bangor-On-Dee","4472","Chase","Good To Soft","Hcap-Cha","0","","","Abbeydale","0","165","208","Minirose","Martaline","02/45164-69","","1","0","0","0","0","0","2","12","127","2","41","16","141","15","333","192","11","73","61","54","4","0","13","0","11","0","13","0","11","0","11","0","11","0","8","0","0","26","34","0","64","64","50","54","57","57","61","100","11.11","-2.5","22.22","2m","3520","166","131","15","","208","0","0","0","8","1","0","0","0","0","1","0","3520","131","15","120","64","71","65","88","60","","","0","1","2","0","1","4","0","1","3","0","0","0","1","1","6","0","2","0","1","0","0","64"
"13/11/2024 12:25:00 PM","Bangor-On-Dee","4472","Chase","Good To Soft","Hcap-Cha","0","","","Carrigeen Castle","0","156","203","Carrigeen Kariega","Doyen","07/83-1121P5","","1","0","72","61","67","88","4","7","118","11","17","8","146","13","318","172","14","39","75","44","14","73","3","73","2","56","10","56","6","62","4","62","5","45","7","73","51","23","29","0","73","62","38","60","41","45","65","92.86","21.43","-5.09","7.14","2m 4f 20y","4420","160","119","19.25","","203","0","0","7","7","0","0","0","0","3","0","0","4420","119","19.25","7.63","62","79","67","88","81","","","0","0","1","1","0","4","0","1","2","0","0","0","3","1","13","0","1","0","0","0","0","62"
"13/11/2024 12:25:00 PM","Bangor-On-Dee","4472","Chase","Good To Soft","Hcap-Cha","0","","","Cerendipity","0","160","28","Check The Forecast","Sageburg","0313P-F3516","","1","0","73","65","93","61","4","7","122","8","13","5","200","6","391","191","12","33","44","54","60","72","5","72","3","65","5","65","3","50","8","50","7","65","1","48","72","0","0","0","72","50","52","54","60","50","72","84.62","20","7.75","20","2m 3f 85y","4265","156","123","12.75","","28","0","0","9","4","2","0","0","0","2","1","0","4265","123","12.75","8.97","50","75","93","61","72","","","0","2","4","1","0","2","0","1","6","1","0","1","3","1","9","0","4","0","2","0","0","50"
"13/11/2024 12:25:00 PM","Bangor-On-Dee","4472","Chase","Good To Soft","Hcap-Cha","0","","","Champagnesuperover","5","156","14","Meldrum Hall","Jeremy","63/43114-4F4","","1","0","64","52","53","88","6","3","118","11","67","13","142","14","376","234","5","85","77","76","-4","72","5","37","10","58","8","37","10","37","10","37","10","0","8","0","0","21","17","0","81","37","50","47","55","37","72","87.5","22.22","-7.63","16.67","2m 75y","3595","162","120","15.75","","14","0","0","8","8","2","0","0","0","2","1","1","3595","120","15.75","9.42","37","73","53","88","77","","","2","1","10","1","1","4","2","1","7","0","0","0","2","1","7","2","10","0","1","0","0","37"
"13/11/2024 12:25:00 PM","Bangor-On-Dee","4472","Chase","Good To Soft","Hcap-Cha","0","","","Garincha","0","159","568","Mandy Winger","Ask","24U31/4F141-","","1","0","78","88","60","85","0","16","121","10","","2","174","11","410","236","4","58","64","59","55","73","3","0","11","60","7","0","11","0","11","0","11","0","8","0","0","15","21","0","73","67","46","57","52","60","67","85.71","26.67","12.25","13.33","2m 4f 199y","4599","159","120","0","","568","0","0","6","8","1","0","0","0","3","1","0","4599","120","0","6","67","66","60","85","53","","","0","0","4","1","1","4","1","0","3","1","0","1","3","1","8","0","4","1","3","0","0","67"
"13/11/2024 12:25:00 PM","Bangor-On-Dee","4472","Chase","Good To Soft","Hcap-Cha","0","","","Heroique De Maulde","0","149","627","Ondine De Brejoux","Jeu St Eloi","23/12-","","1","0","81","70","88","84","6","3","111","16","","7","189","7","404","215","7","57","65","67","26","69","8","0","11","66","3","0","11","0","11","0","11","0","8","0","0","17","13","0","69","67","64","62","66","65","67","100","25","-1.63","50","2m 75y","3595","160","114","11","","627","0","0","4","0","0","0","0","0","1","0","0","3595","114","11","2.55","67","85","88","84","83","","","0","0","1","1","2","3","0","0","0","0","0","0","0","1","1","0","1","1","2","0","0","67"
"13/11/2024 12:25:00 PM","Bangor-On-Dee","4472","Chase","Good To Soft","Hcap-Cha","0","","","Jagwar","0","161","28","Quizas Jolie","Karaktar","25-1451","","1","0","94","94","0","0","2","12","123","6","9","4","278","3","532","254","3","57","88","84","25","55","12","55","9","55","11","55","7","55","7","55","6","0","8","0","0","3","3","0","77","55","64","63","63","58","72","100","33.33","-2.47","16.67","2m 3f 85y","4265","151","118","0","","28","0","0","1","5","0","0","0","0","1","1","0","4265","118","0","2.08","55","0","0","0","0","","","1","1","2","0","1","2","1","1","4","0","0","0","1","0","4","1","2","0","0","0","0","55"
"13/11/2024 12:25:00 PM","Bangor-On-Dee","4472","Chase","Good To Soft","Hcap-Cha","0","","","Le Cameleon","0","154","147","Countess Camilla","Great Pretender","7/51334P-639","","1","0","62","58","55","74","2","12","116","13","34","12","159","12","246","87","16","72","49","69","-10","76","1","63","7","66","3","58","5","58","5","46","9","63","3","58","0","23","29","0","76","46","51","55","62","58","73","83.33","22.58","8.03","12.9","2m 4f","4400","168","118","44.5","","147","0","0","24","6","1","0","0","0","5","2","0","4400","118","44.5","11.76","46","61","55","74","53","","","2","0","10","1","0","7","5","1","21","0","0","1","3","4","12","2","10","2","9","0","0","46"
"13/11/2024 12:25:00 PM","Bangor-On-Dee","4472","Chase","Good To Soft","Hcap-Cha","0","","","Lord Of Cheshire","0","164","40","Adelyta","Diamond Boy","6/2116/12-F71","","1","0","88","88","0","0","10","1","126","3","6.5","5","284","2","546","262","2","64","84","68","46","68","9","68","5","68","2","68","2","68","1","68","2","0","8","0","0","8","9","0","68","68","53","63","61","62","67","90","40","1.46","20","2m 3f 104y","4284","166","124","0","","40","0","0","1","9","0","0","0","0","1","3","0","4284","124","0","3.26","68","0","0","0","0","","","1","1","2","0","0","0","1","0","3","0","0","0","2","1","5","1","2","1","3","0","0","68"
"13/11/2024 12:25:00 PM","Bangor-On-Dee","4472","Chase","Good To Soft","Hcap-Cha","0","","","Lowry's Bar","0","168","32","Mac Idol","Malinas","111-124","","1","0","0","0","0","0","6","3","130","1","9","3","324","1","557","233","6","71","67","52","43","0","13","0","11","0","13","0","11","0","11","0","11","0","8","0","0","5.5","4.5","0","77","77","66","66","68","69","76","100","66.67","3.82","33.33","2m 3f 100y","4280","161","131","14.75","","32","0","0","0","6","0","0","0","0","0","4","0","4280","131","14.75","7.4","77","90","92","88","91","","","0","1","1","0","0","0","2","0","2","0","0","0","4","1","5","0","1","0","0","0","0","77"
"13/11/2024 12:25:00 PM","Bangor-On-Dee","4472","Chase","Good To Soft","Hcap-Cha","0","","","Mount Tempest","0","163","219","Tempest Missile","Walk In The Park","13281-13P42","","1","0","74","81","73","67","4","7","125","4","11","1","265","4","545","280","1","87","93","84","16","76","1","76","1","70","1","72","1","68","1","73","1","55","5","68","76","11","11","0","76","73","59","65","65","55","73","92.86","26.67","4.21","13.33","1m 7f 149y","3449","168","125","4.75","","219","0","0","8","6","1","0","0","0","2","2","0","3449","125","4.75","6.94","73","72","73","67","77","","","1","1","6","0","0","1","2","1","9","0","0","0","3","1","9","1","6","0","0","0","0","73"
"13/11/2024 12:25:00 PM","Bangor-On-Dee","4472","Chase","Good To Soft","Hcap-Cha","0","","","Ostend","0","160","270","Mahaatheer","Marcel","065/P5215-7","","1","0","0","0","0","0","6","3","122","8","17","15","181","9","383","202","9","50","47","86","19","0","13","0","11","0","13","0","11","0","11","0","11","0","8","0","0","26","29","0","74","74","47","63","48","69","69","80","11.11","12","11.11","2m 3f 58y","4238","148","126","13.25","","270","0","0","0","5","4","0","0","0","0","1","0","4238","126","13.25","112.24","74","83","71","96","83","","","0","1","3","0","1","1","0","0","1","0","0","0","0","0","3","0","3","1","3","0","0","74"
"13/11/2024 12:25:00 PM","Bangor-On-Dee","4472","Chase","Good To Soft","Hcap-Cha","0","","","Post Chaise","0","152","37","Trazona Kit","Shirocco","5P42-331214","","1","0","77","52","88","91","2","12","114","14","17","9","178","10","354","176","13","57","38","43","38","72","5","72","3","65","5","65","3","65","3","65","4","65","1","65","72","29","51","0","72","65","50","65","60","65","69","90","25","18.13","30","2m 6f 125y","4965","160","115","22.4500007629395","","37","0","0","12","8","0","0","0","0","4","1","0","4965","115","22.4500007629395","9.05","65","90","88","91","91","","","2","2","8","0","0","0","0","0","2","0","0","0","2","2","7","2","8","1","5","0","0","65"
"13/11/2024 12:25:00 PM","Bangor-On-Dee","4472","Chase","Good To Soft","Hcap-Cha","0","","","Santonito","3","163","155","Saintenitouche","Coastal Path","421/5503-533","","1","0","68","77","88","40","4","7","125","4","14","11","184","8","294","110","15","68","54","48","-60","68","9","68","5","51","12","51","9","49","9","68","2","49","6","20","53","13","17","0","72","68","51","45","52","49","70","100","14.29","-9.3","35.71","2m 4f 88y","4488","151","126","6.75","","155","0","0","4","6","4","0","0","0","0","1","1","4488","126","6.75","13.5","68","67","88","40","74","","","0","2","3","0","1","3","0","1","3","0","0","0","2","2","8","0","3","0","3","0","0","68"
"13/11/2024 12:25:00 PM","Bangor-On-Dee","4472","Chase","Good To Soft","Hcap-Cha","0","","","Scene One","0","150","215","Isserkelly Lady","Curtain Time","9P/211P-1644","","1","0","61","52","70","60","4","7","112","15","26","13","141","15","353","212","8","85","69","65","-7","64","11","61","8","57","9","52","8","57","6","47","8","61","4","57","41","23","21","0","64","47","44","55","52","57","61","83.33","25","-2.25","25","2m 5f 44y","4664","168","113","11.75","","215","0","0","6","6","0","0","0","0","2","1","0","4664","113","11.75","3.74","47","73","70","60","90","","","2","0","4","0","1","2","0","0","1","0","0","0","0","3","5","2","4","1","3","0","0","47"
"13/11/2024 12:25:00 PM","Bangor-On-Dee","4472","Chase","Good To Soft","Hcap-Cha","0","","","Tanganyika","3","161","228","Norita Has","Martaline","64513-5F130","","1","0","0","0","0","0","8","2","123","6","9.5","10","254","5","449","195","10","63","31","67","34","0","13","0","11","0","13","0","11","0","11","0","11","0","8","0","0","10","10","0","71","61","54","67","63","71","71","86.67","20","6","13.33","3m 58y","5338","160","124","51.5499992370605","","228","0","0","0","15","0","0","0","0","0","3","0","5338","124","51.5499992370605","8.4","61","89","94","93","80","","","1","0","5","0","0","0","3","0","6","1","0","2","2","2","9","1","5","0","1","0","0","61"
"13/11/2024 12:45:00 PM","Ayr","4510","Chase","Good","Hcap-Nov-Cha","0","","","Immortal Fame","3","156","15","Calverleigh Court","Fame And Glory","28/83211-2P2","","1","0","63","88","35","66","4","2","108","3","2.63","1","363","1","719","356","3","92","90","94","80","67","1","60","1","59","1","60","1","60","1","60","1","0","1","0","0","3.5","3.25","0","74","60","48","68","53","60","70","94.74","25","31.75","30","2m 4f 72y","4472","159","109","14","","15","0","0","4","15","1","0","0","0","0","5","0","4472","109","14","53.02","60","57","35","66","71","","","1","1","4","1","1","5","0","2","6","0","0","0","0","3","5","4","11","1","4","0","0","60"
"13/11/2024 12:45:00 PM","Ayr","4510","Chase","Good","Hcap-Nov-Cha","0","","","Kandor","0","165","32","Kadouna","Joshua Tree","4273-125","","1","0","0","0","0","0","4","2","117","1","3.5","2","346","3","740","394","1","98","99","100","97","0","2","0","2","0","2","0","2","0","2","0","2","0","1","0","0","2.5","2.5","0","64","54","56","58","57","58","62","100","14.29","3","28.57","2m 7f 63y","5123","152","117","23.1000003814697","","32","0","0","0","4","3","0","0","0","0","1","0","5123","117","23.1000003814697","4.32","54","78","83","95","55","","","1","1","2","1","1","3","1","1","3","0","0","1","0","1","4","0","1","1","2","0","0","54"
"13/11/2024 12:45:00 PM","Ayr","4510","Chase","Good","Hcap-Nov-Cha","0","","","Step Out","0","165","11","Knockcroghery","Walk In The Park","42022U2125","","1","0","0","0","0","0","6","1","117","1","3.25","3","351","2","715","364","2","95","96","91","82","0","2","0","2","0","2","0","2","0","2","0","2","0","1","0","0","2.5","2.75","0","62","49","45","49","49","49","62","85.71","9.09","-8","45.45","2m","3520","160","0","27.5","","11","0","0","0","7","4","0","0","0","0","1","0","3520","0","27.5","3.05","49","88","80","95","90","","","1","4","6","0","2","2","1","4","7","0","1","2","0","0","2","0","3","1","6","0","0","49"
"13/11/2024 12:55:00 PM","Bangor-On-Dee","3817","Chase","Good To Soft","Nov-Mare-Lis-Cha","0","","","Casa No Mento","0","156","24","Red Hibiscus","Casamento","120112-11P","","1","0","0","0","0","0","8","3","138","3","4.5","4","332","2","686","354","1","82","90","86","96","0","4","0","4","0","4","0","4","0","4","0","4","0","3","0","0","6","6","0","72","0","55","69","67","67","72","83.33","55.56","4.4","22.22","2m","3520","151","138","0","","24","0","0","0","6","3","0","0","0","0","4","1","3520","138","0","2.98","0","95","99","93","93","","","2","1","4","0","0","1","1","2","5","0","0","0","1","1","2","2","4","2","3","0","0","0"
"13/11/2024 12:55:00 PM","Bangor-On-Dee","3817","Chase","Good To Soft","Nov-Mare-Lis-Cha","0","","","Party Vibes","0","156","215","Flame Of Dixie","Mahler","221-168","","1","0","0","0","0","0","10","2","120","6","11","6","284","6","605","321","5","78","82","90","71","0","4","0","4","0","4","0","4","0","4","0","4","0","3","0","0","23","23","0","65","64","63","62","64","64","65","100","33.33","-0.63","33.33","2m 103y","3623","149","121","7.80000019073486","","215","0","0","0","6","0","0","0","0","0","2","0","3623","121","7.80000019073486","16.32","64","93","93","93","94","","","1","0","2","0","0","0","0","0","1","0","0","0","1","2","4","1","2","0","0","0","0","64"
"13/11/2024 12:55:00 PM","Bangor-On-Dee","3817","Chase","Good To Soft","Nov-Mare-Lis-Cha","0","","","Shecouldbeanything","0","161","20","Culmore Girl","Malinas","03129R2111","","1","0","88","80","97","88","4","4","137","4","3.5","1","344","1","687","343","3","89","91","85","78","85","1","85","1","62","1","62","1","66","1","66","1","85","1","42","59","4","3","0","85","66","64","64","72","66","81","100","42.86","7.75","19.05","2m 2f 93y","4053","158","0","0","88","20","1","0","4","15","1","1","0","0","3","5","1","4053","0","0","1.85","66","91","97","88","89","","","0","2","3","2","0","3","4","3","12","0","0","0","5","1","10","0","3","4","8","0","0","66"
"13/11/2024 12:55:00 PM","Bangor-On-Dee","3817","Chase","Good To Soft","Nov-Mare-Lis-Cha","0","","","Space Tourist","0","156","20","Luna","Jet Away","118218-5122","","1","0","76","60","76","93","12","1","133","5","14","2","305","5","625","320","6","99","76","80","65","64","2","64","2","62","1","62","1","63","2","64","2","56","2","63","61","8.5","15","0","82","64","58","61","61","63","72","100","33.33","-4.46","26.67","2m 2f 93y","4053","154","0","5","","20","0","0","4","7","4","0","0","0","1","3","1","4053","0","5","2.34","64","83","76","93","79","","","1","1","3","0","0","0","1","0","3","0","0","0","1","1","5","1","3","3","7","0","0","64"
"13/11/2024 12:55:00 PM","Bangor-On-Dee","3817","Chase","Good To Soft","Nov-Mare-Lis-Cha","0","","","West Balboa","0","156","28","Rostellan","Yeats","2/2/1110-8634","","1","0","62","62","0","0","2","6","143","1","7","3","328","3","669","341","4","92","97","95","57","57","3","57","3","57","3","57","3","57","3","57","3","0","3","0","0","3.75","4.5","0","80","57","71","69","71","71","78","100","36.36","12.23","27.27","2m 4f","4400","154","143","12.5","","28","0","0","1","10","0","0","0","0","0","4","0","4400","143","12.5","1.51","57","0","0","0","0","","","2","1","5","0","0","0","1","2","5","0","0","0","2","2","5","2","5","0","1","0","0","57"
"13/11/2024 12:55:00 PM","Bangor-On-Dee","3817","Chase","Good To Soft","Nov-Mare-Lis-Cha","0","","","You Wear It Well","0","156","246","Annie's Answer","Midnight Legend","12/11513-237","","1","0","0","0","0","0","4","4","142","2","5.5","5","314","4","668","354","1","85","89","90","90","0","4","0","4","0","4","0","4","0","4","0","4","0","3","0","0","3.5","3.5","0","84","61","67","66","70","64","78","100","46.15","16.41","23.08","2m 3f 200y","4380","159","144","46.8499984741211","","246","0","0","0","11","2","0","0","0","0","5","1","4380","144","46.8499984741211","34.34","61","88","88","92","85","","","1","0","2","0","0","0","3","2","9","0","0","0","4","2","9","1","2","1","2","0","0","61"
"13/11/2024 1:15:00 PM","Ayr","3520","Hurdle","Good","Nov-Hdle","0","","","Blow A Fortune","0","147","18","Roseaway","Soldier Of Fortune","48","","1","0","56","52","60","0","0","2","0","1","4.5","2","339","4","639","300","6","86","95","75","44","54","1","54","1","42","2","42","2","42","2","54","1","31","1","0","0","17","17","0","54","54","42","42","42","42","31","100","0","-2","0","2m 51y","3571","151","0","25.25","","18","0","0","0","2","0","0","0","0","0","0","0","3571","0","25.25","150","54","60","60","0","0","","","0","0","1","0","0","1","0","0","2","0","0","0","0","0","0","0","1","0","1","0","0","54"
"13/11/2024 1:15:00 PM","Ayr","3520","Hurdle","Good","Nov-Hdle","0","","","Breadalbane Lass","0","147","285","Swift Getaway","Telescope","6-P","","1","0","40","40","0","0","2","1","0","1","10","4","319","6","655","336","4","76","87","85","88","0","3","0","3","0","3","0","3","0","3","0","3","0","2","0","0","201","201","0","56","0","28","56","28","28","0","0","0","-2","0","1m 7f 156y","3456","145","0","0","","285","0","0","0","1","1","0","0","0","0","0","0","3456","0","0","367.62","0","0","0","0","0","","","0","0","1","0","0","1","0","0","1","0","0","0","0","0","1","0","0","0","1","0","0","0"
"13/11/2024 1:15:00 PM","Ayr","3520","Hurdle","Good","Nov-Hdle","0","","","Catcha Flight","0","147","11","Best Flight","Lucky Speed","60","","1","0","50","50","0","0","0","2","0","1","8.5","3","348","2","645","297","7","76","75","88","58","43","2","43","2","43","1","43","1","43","1","43","2","0","2","0","0","201","201","0","53","43","48","48","48","48","43","100","0","-2","0","2m","3520","140","0","40.25","","11","0","0","0","1","1","0","0","0","0","0","0","3520","0","40.25","816.17","43","0","0","0","0","","","0","0","0","0","0","2","0","0","2","0","0","1","0","0","0","0","2","0","0","0","0","43"
"13/11/2024 1:15:00 PM","Ayr","3520","Hurdle","Good","Nov-Hdle","0","","","Clondaw Fame","0","154","","Aguida","Fame And Glory","","","1","0","0","0","0","0","0","2","0","1","","4","305","7","669","364","2","87","91","86","100","0","3","0","3","0","3","0","3","0","3","0","3","0","2","0","0","5.5","5.5","0","","","","","","","","","","","","","0","","","","","","0","0","0","0","0","0","0","0","0","0","0","0","","","","","","","","","","","0","0","0","0","0","0","0","0","0","0","0","0","0","0","0","0","0","0","0","0","0",""
"13/11/2024 1:15:00 PM","Ayr","3520","Hurdle","Good","Nov-Hdle","0","","","Evaluation","0","154","32","Estimate","Dubawi","8/45-5912050","","1","0","0","0","0","0","0","2","0","1","","1","346","3","718","372","1","91","84","97","100","0","3","0","3","0","3","0","3","0","3","0","3","0","2","0","0","1.4","1.44","0","84","71","59","64","57","62","75","","22.22","-1.25","22.22","","0","","","","32","","14","13","0","0","0","27","4","2","0","0","0","3960","91","12.3000001907349","80","71","80","79","79","81","","","3","1","7","4","4","14","4","1","5","0","0","0","0","1","2","0","1","3","7","1","4","71"
"13/11/2024 1:15:00 PM","Ayr","3520","Hurdle","Good","Nov-Hdle","0","","","Gorvennec","0","154","32","Rolandale","Martaline","5","","1","0","0","0","0","0","0","2","0","1","3.13","4","350","1","674","324","5","95","82","91","56","0","3","0","3","0","3","0","3","0","3","0","3","0","2","0","0","6","6","0","48","48","48","48","48","48","","","0","-1","0","2m 48y","3568","153","0","25.75","","32","0","0","0","0","1","0","0","0","0","0","0","3568","0","25.75","17.77","48","0","0","0","0","","","0","0","0","0","0","1","0","0","1","0","0","0","0","0","1","0","0","0","0","0","0","48"
"13/11/2024 1:15:00 PM","Ayr","3520","Hurdle","Good","Nov-Hdle","0","","","Split Stone","0","154","181","Highland Burn","Clovis Du Berlais","7","","1","0","0","0","0","0","0","2","0","1","4","4","336","5","681","345","3","95","81","83","86","0","3","0","3","0","3","0","3","0","3","0","3","0","2","0","0","34","34","0","47","47","47","47","47","47","","","0","-1","0","2m 47y","3567","153","0","38","","181","0","0","0","0","1","0","0","0","0","0","0","3567","0","38","22.36","47","0","0","0","0","","","0","0","0","0","0","1","0","0","1","0","0","0","0","0","0","0","1","0","0","0","0","47"
"13/11/2024 1:25:00 PM","Bangor-On-Dee","5310","Chase","Good To Soft","Hcap-Cha","0","","","Ask Me Early","0","157","220","Cotton Ali","Ask","1/U3P/6P9-185","","1","0","86","73","87","97","6","3","131","9","9.5","2","296","3","607","311","3","99","81","84","47","84","1","81","1","73","2","70","5","70","6","70","6","44","9","81","0","13","15","0","84","70","51","65","60","70","81","76.47","35.29","7.6","11.76","3m 110y","5390","151","133","9.75","","220","0","0","12","5","0","0","0","0","4","2","0","5390","133","9.75","5.43","70","83","87","97","65","","","2","0","5","2","1","6","2","1","6","0","1","1","4","2","12","2","5","0","0","0","0","70"
"13/11/2024 1:25:00 PM","Bangor-On-Dee","5310","Chase","Good To Soft","Hcap-Cha","0","","","Autonomous Cloud","0","158","28","August Hill","Flemensfirth","222/211P-403","","1","0","88","92","93","80","2","9","132","6","13","9","244","7","508","264","7","83","78","76","27","79","5","76","6","64","9","64","9","64","9","76","5","48","8","64","0","4.5","4.5","0","79","63","55","62","63","63","76","91.67","21.43","-0.83","42.86","2m 7f","5060","154","127","8.25","","28","0","0","8","4","2","0","0","0","2","0","1","5060","127","8.25","2.7","63","82","80","85","82","","","0","2","3","2","0","2","1","0","1","0","0","0","3","3","10","0","3","0","1","0","0","63"
"13/11/2024 1:25:00 PM","Bangor-On-Dee","5310","Chase","Good To Soft","Hcap-Cha","0","","","Bretney","0","147","201","Pearl Buttons","Milan","18P323-12P1","","1","0","78","95","53","87","10","1","121","10","7","7","243","8","560","317","2","76","88","82","71","76","8","76","6","62","10","70","5","71","5","42","10","76","2","71","58","13","17","0","76","42","46","63","53","42","71","84.38","15.15","15.75","39.39","3m 6f 121y","6721","162","116","0","","201","0","0","23","9","1","0","0","0","5","0","0","6721","116","0","13.9","42","78","53","87","95","","","2","5","8","2","2","7","0","0","1","1","0","1","2","5","17","2","8","1","8","0","0","42"
"13/11/2024 1:25:00 PM","Bangor-On-Dee","5310","Chase","Good To Soft","Hcap-Cha","0","","","Celebre D'Allen","7","166","215","Revoltee I","Network","4/340814-5U4","","1","0","84","97","67","87","0","10","140","2","19","5","278","5","534","256","8","71","71","84","30","80","3","77","5","73","2","75","2","75","2","77","4","75","5","67","0","11","12","0","80","77","66","73","71","75","77","92.86","25","1.75","18.75","2m 5f 19y","4639","150","137","2.09999990463257","","215","0","0","12","2","2","0","0","0","2","2","0","4639","137","2.09999990463257","48.7","77","82","67","87","93","","","2","1","5","0","0","3","2","0","7","0","1","1","2","2","11","2","5","0","0","0","0","77"
"13/11/2024 1:25:00 PM","Bangor-On-Dee","5310","Chase","Good To Soft","Hcap-Cha","0","","","Erne River","0","160","180","Lusty Beg","Califet","2/4080P1-5PP","","1","0","80","67","80","94","4","5","134","4","15","5","252","6","485","233","9","56","73","62","42","79","5","79","2","69","4","74","3","74","3","79","1","69","6","0","0","26","21","0","79","0","51","60","64","0","78","77.78","27.78","6.53","5.56","3m 210y","5490","159","135","0","","180","0","0","11","7","0","0","0","0","3","2","0","5490","135","0","14.16","0","89","80","94","92","","","2","0","8","1","1","4","0","0","3","0","0","0","2","0","5","2","8","1","5","0","0","0"
"13/11/2024 1:25:00 PM","Bangor-On-Dee","5310","Chase","Good To Soft","Hcap-Cha","0","","","Major Dundee","0","158","263","Be My Granny","Scorpion","1/230/3135-PU","","1","0","77","67","80","84","4","5","132","6","29","8","235","10","541","306","4","77","80","81","68","83","2","63","10","66","7","63","10","63","10","63","8","0","10","0","0","11","11","0","83","0","52","68","60","0","80","83.33","25","16.75","20","4m 1f 56y","7316","160","132","0","","263","0","0","11","7","2","0","0","0","3","1","1","7316","132","0","15.51","0","81","80","84","80","","","0","1","2","1","0","4","0","0","2","1","0","1","2","2","10","0","2","3","8","0","0","0"
"13/11/2024 1:25:00 PM","Bangor-On-Dee","5310","Chase","Good To Soft","Hcap-Cha","0","","","Monte Igueldo","0","159","108","Petite Nany","Cokoriko","5P111/P4-P32","","1","0","73","87","93","40","4","5","133","5","12","10","242","9","414","172","10","68","66","63","-25","76","8","76","6","65","8","67","8","67","8","58","9","76","2","0","0","15","13","0","76","58","44","65","58","58","68","71.43","21.43","6.03","21.43","3m 2f 13y","5733","142","133","0.5","","108","0","0","6","8","0","0","0","0","2","1","0","5733","133","0.5","4.69","58","62","93","40","53","","","2","1","7","0","0","0","0","2","2","0","1","3","0","1","3","2","7","1","4","0","0","58"
"13/11/2024 1:25:00 PM","Bangor-On-Dee","5310","Chase","Good To Soft","Hcap-Cha","0","","","Pull Again Green","0","161","32","Clogher Valley","Kalanisi","412P-470332","","1","0","86","94","80","84","4","5","135","3","7","2","312","2","579","267","6","83","83","79","22","78","7","78","4","68","5","72","4","72","4","78","3","54","7","72","0","7","6.5","0","82","78","59","68","65","72","78","95","27.27","6.03","13.64","2m 7f 131y","5191","142","132","1.5","","32","0","0","9","11","2","0","0","0","1","3","2","5191","132","1.5","12.95","78","72","80","84","53","","","3","1","9","1","0","4","1","1","8","1","0","1","1","0","2","3","9","2","11","0","0","78"
"13/11/2024 1:25:00 PM","Bangor-On-Dee","5310","Chase","Good To Soft","Hcap-Cha","0","","","Regal Blue","0","158","242","Deceptive","French Navy","16P32-P1P1","","1","0","80","95","53","92","8","2","132","6","7.5","4","294","4","587","293","5","79","62","74","78","76","8","76","6","68","5","68","7","68","7","68","7","76","2","66","68","5.5","5.5","0","76","68","46","70","66","68","71","66.67","33.33","16.75","11.11","3m","5280","162","126","0","","242","0","0","6","3","0","0","0","0","2","1","0","5280","126","0","23.73","68","66","53","92","53","","","0","0","2","1","0","3","1","0","2","0","0","0","3","1","7","0","2","0","0","0","0","68"
"13/11/2024 1:25:00 PM","Bangor-On-Dee","5310","Chase","Good To Soft","Hcap-Cha","0","","","Shan Blue","0","168","270","Lady Roberta","Shantou","52F/62P/PP3-3","","1","0","82","93","86","67","6","3","142","1","6.5","1","321","1","653","332","1","88","95","93","56","80","3","79","2","75","1","79","1","79","1","79","1","79","1","0","0","4.5","5","0","81","79","52","77","69","79","80","75","19.05","-12.81","33.33","2m 7f 180y","5240","159","143","1.5","","270","0","0","13","7","1","0","0","0","3","1","0","5240","143","1.5","6.99","79","78","86","67","80","","","3","5","11","2","1","6","0","0","3","0","0","0","1","2","9","3","11","0","1","0","0","79"
"13/11/2024 1:45:00 PM","Ayr","4290","Hurdle","Good","Hcap-Hdle","0","","","Balranald","0","147","13","Shining Glory","Mastercraftsman","6-775600711","","1","0","82","95","88","64","4","4","79","8","6","3","322","2","681","359","1","87","82","94","96","71","1","58","7","52","6","54","3","57","2","57","3","54","3","58","48","5","5","0","71","57","47","56","51","57","66","89.47","9.3","-6.5","18.6","2m 190y","3710","144","75","0","184","13","1","4","4","34","0","5","0","0","1","3","0","3710","75","0","14.69","57","65","88","64","43","","","3","3","18","2","5","15","4","5","27","0","0","0","0","2","6","1","15","3","18","0","0","57"
"13/11/2024 1:45:00 PM","Ayr","4290","Hurdle","Good","Hcap-Hdle","0","","","Bathgate","3","161","16","Comtesse Du Sud","Bathyrhon","7-8439752","","1","0","69","90","67","49","2","5","94","5","7.5","8","275","6","523","248","8","89","75","91","-7","59","9","59","6","53","4","53","4","55","3","56","4","44","6","55","51","3.75","3.75","0","59","56","51","51","51","55","56","100","0","-8","12.5","2m 3f 110y","4290","154","91","0.5","","16","0","0","0","6","2","0","0","0","0","0","0","4290","91","0.5","10.26","56","59","67","49","61","","","0","0","5","0","1","1","0","1","4","0","1","1","0","0","2","0","1","0","5","0","0","56"
"13/11/2024 1:45:00 PM","Ayr","4290","Hurdle","Good","Hcap-Hdle","0","","","Blazing Court","7","165","86","Bright Blaze","Court Cave","9/P5253-P321","","1","0","54","27","69","67","6","1","97","2","6.5","1","345","1","654","309","3","72","70","88","79","65","5","0","9","56","2","0","9","0","9","0","9","0","9","0","0","7","7.5","0","66","53","45","61","53","65","65","80","8.33","-6.5","25","2m 4f","4400","153","94","0","","86","0","0","3","7","2","0","0","0","1","0","0","4400","94","0","6.6","53","83","89","76","0","","","1","3","10","1","3","5","0","3","7","0","0","0","0","0","1","0","1","1","10","0","0","53"
"13/11/2024 1:45:00 PM","Ayr","4290","Hurdle","Good","Hcap-Hdle","0","","","C'est Quelqu'un","5","168","46","Sangrilla","Buck's Boum","152211P-6PP","","1","0","73","40","91","89","0","7","100","1","15","5","290","4","589","299","4","72","71","78","78","62","7","0","9","50","7","0","9","0","9","0","9","0","9","0","0","15","15","0","73","0","34","64","48","0","62","68.18","18.18","-1.4","18.18","2m 7f 180y","5240","161","108","0","","46","0","0","9","13","0","0","0","0","3","1","0","5240","108","0","22","0","64","60","40","93","","","1","1","9","1","1","4","3","4","15","0","0","0","2","2","7","1","5","1","9","0","1","0"
"13/11/2024 1:45:00 PM","Ayr","4290","Hurdle","Good","Hcap-Hdle","0","","","Cave Hill","5","142","182","Belfast Central","Universal","6500-P038P0","","1","0","33","46","27","27","2","5","74","9","34","10","205","10","395","190","10","67","58","60","5","48","10","48","8","26","10","26","8","44","8","44","7","16","8","48","26","26","26","0","48","44","25","36","25","16","44","71.43","0","-10","0","2m 4f 35y","4435","142","77","40.25","","182","0","0","0","7","3","0","0","0","0","0","0","4435","77","40.25","32.5","44","43","27","27","74","","","0","0","1","0","0","1","0","0","5","0","0","4","0","0","8","0","1","0","1","0","0","44"
"13/11/2024 1:45:00 PM","Ayr","4290","Hurdle","Good","Hcap-Hdle","0","","","Dalileo","3","160","16","Snow Queen","Galileo","123F532456","","1","0","67","56","73","73","0","7","92","7","9.5","7","273","7","544","271","6","83","70","68","50","70","2","62","3","54","3","53","4","54","4","54","5","62","1","44","55","9","9","0","86","54","48","53","54","54","75","88.1","7.14","-27.43","30","3m 70y","5350","156","93","7.44999980926514","1133","16","13","15","2","40","0","28","0","3","0","2","0","5350","93","7.44999980926514","14.14","54","77","73","73","85","","","1","9","19","0","0","4","1","6","20","0","0","1","0","5","17","0","18","1","19","1","1","54"
"13/11/2024 1:45:00 PM","Ayr","4290","Hurdle","Good","Hcap-Hdle","0","","","Don't Look Back","0","142","49","Ronaldsay","Oasis Dream","43756085UP","","1","0","38","27","27","59","0","7","74","9","19","4","235","9","456","221","9","72","85","73","-9","67","4","67","1","49","9","50","7","50","6","36","8","50","4","50","51","21","21","0","68","0","48","45","52","0","67","82.35","2.78","-7","11.11","2m 4f 35y","4435","145","72","0","372","49","13","6","0","17","0","19","1","0","0","0","0","4435","72","0","48","0","47","27","59","56","","","0","0","6","0","0","0","1","3","21","0","0","4","1","2","10","0","12","0","6","0","2","0"
"13/11/2024 1:45:00 PM","Ayr","4290","Hurdle","Good","Hcap-Hdle","0","","","Evenwood Sonofagun","0","163","18","Ravish","The Gurkha","7/543-942050","","1","0","58","60","76","38","6","1","95","4","10","5","287","5","578","291","5","78","82","75","56","69","3","62","3","59","1","59","1","59","1","59","2","62","1","47","62","15","15","0","69","59","52","56","59","59","65","94.74","0","-24","29.17","2m 51y","3571","157","98","17.5","846","18","5","0","0","19","0","5","0","0","0","0","0","3571","98","17.5","24","59","65","76","38","82","","","0","6","17","0","2","3","0","1","7","0","0","0","0","0","2","0","3","0","17","0","2","59"
"13/11/2024 1:45:00 PM","Ayr","4290","Hurdle","Good","Hcap-Hdle","0","","","Love That","0","165","16","Oscars Vision","Vendangeur","3F4F","","1","0","48","27","76","40","6","1","97","2","23","8","250","8","508","258","7","60","87","74","37","61","8","61","5","53","4","53","4","53","5","61","1","45","5","0","0","21","26","0","61","0","26","53","22","0","45","50","0","-4","0","2m 3f 110y","4290","168","97","0","","16","0","0","0","4","0","0","0","0","0","0","0","4290","97","0","117.04","0","63","76","40","74","","","0","0","0","0","0","1","0","0","1","0","0","2","0","0","1","0","3","0","0","0","0","0"
"13/11/2024 1:45:00 PM","Ayr","4290","Hurdle","Good","Hcap-Hdle","0","","","Summergrounds","0","161","38","Hannah Jacques","Phoenix Reach","635445-1323","","1","0","80","80","85","76","0","7","93","6","6.5","2","295","3","638","343","2","98","96","87","62","64","6","64","2","50","7","55","2","50","6","50","6","43","7","64","61","4.5","4.5","0","64","50","50","52","50","50","61","100","7.69","-7.5","30.77","2m 4f 189y","4589","162","94","13","","38","0","0","0","10","3","0","0","0","0","1","0","4589","94","13","5.9","50","84","85","76","92","","","1","3","8","0","0","0","1","4","9","0","0","0","0","0","1","0","4","1","8","0","0","50"
"13/11/2024 1:55:00 PM","Bangor-On-Dee","3665","Hurdle","Good To Soft","Hdle","0","","","Adaay Forever","0","154","12","Triple Cee","Adaay","B","","1","0","40","40","0","0","0","1","0","1","","3","347","3","693","346","3","88","92","90","76","0","2","0","2","0","2","0","2","0","2","0","2","0","1","0","0","6","7.5","0","0","0","0","","0","0","","0","0","-1","0","2m","3520","151","0","0","","12","0","0","0","1","0","0","0","0","0","0","0","3520","0","0","4.6","0","0","0","0","0","","","0","0","0","0","0","0","0","0","1","0","0","0","0","0","0","0","0","0","1","0","0","0"
"13/11/2024 1:55:00 PM","Bangor-On-Dee","3665","Hurdle","Good To Soft","Hdle","0","","","Aotano","0","161","30","Aotearoa","Soldier Hollow","1","","1","0","88","88","0","0","0","1","0","1","","1","370","1","742","372","1","88","94","92","98","40","1","40","1","40","1","40","1","40","1","40","1","0","1","0","0","5.5","5","0","40","40","40","40","40","40","","100","100","2.25","0","2m 53y","3573","154","0","0","","30","0","0","0","1","0","0","0","0","0","1","0","3573","0","0","3.56","40","0","0","0","0","","","0","0","0","1","0","1","1","0","1","0","0","0","0","0","0","0","0","1","1","0","0","40"
"13/11/2024 1:55:00 PM","Bangor-On-Dee","3665","Hurdle","Good To Soft","Hdle","0","","","Do It Again","0","154","","Octavine","Galiway","","","1","0","0","0","0","0","0","1","0","1","","5","330","6","630","300","7","66","70","70","94","0","2","0","2","0","2","0","2","0","2","0","2","0","1","0","0","2.5","2.25","0","","","","","","","","","","","","","0","","","","","","0","0","0","0","0","0","0","0","0","0","0","0","","","","","","","","","","","0","0","0","0","0","0","0","0","0","0","0","0","0","0","0","0","0","0","0","0","0",""
"13/11/2024 1:55:00 PM","Bangor-On-Dee","3665","Hurdle","Good To Soft","Hdle","0","","","For You Buzz","0","154","12","Marble Memory","Workforce","U","","1","0","40","40","0","0","0","1","0","1","","5","338","4","615","277","8","71","82","76","48","0","2","0","2","0","2","0","2","0","2","0","2","0","1","0","0","41","51","0","0","0","0","","0","0","","0","0","-1","0","2m","3520","154","0","0","","12","0","0","0","1","0","0","0","0","0","0","0","3520","0","0","25.76","0","0","0","0","0","","","0","0","0","0","0","0","0","0","1","0","0","0","0","0","0","0","0","0","1","0","0","0"
"13/11/2024 1:55:00 PM","Bangor-On-Dee","3665","Hurdle","Good To Soft","Hdle","0","","","Global Hideaway","3","147","","Listen To The Man","Masterstroke","","","1","0","0","0","0","0","0","1","0","1","","5","330","6","675","345","4","95","77","79","94","0","2","0","2","0","2","0","2","0","2","0","2","0","1","0","0","6","7","0","","","","","","","","","","","","","0","","","","","","0","0","0","0","0","0","0","0","0","0","0","0","","","","","","","","","","","0","0","0","0","0","0","0","0","0","0","0","0","0","0","0","0","0","0","0","0","0",""
"13/11/2024 1:55:00 PM","Bangor-On-Dee","3665","Hurdle","Good To Soft","Hdle","0","","","Jack The Boss","0","161","12","Peaceful Valley","Jack Hobbs","1","","1","0","90","90","0","0","0","1","0","1","","2","362","2","702","340","5","88","75","77","100","0","2","0","2","0","2","0","2","0","2","0","2","0","1","0","0","9","11","0","0","0","0","0","0","0","","100","100","11","0","2m","3520","154","0","0","","12","0","0","0","1","0","0","0","0","0","1","0","3520","0","0","16.64","0","0","0","0","0","","","0","0","0","0","0","0","1","0","1","0","0","0","0","0","0","0","0","1","1","0","0","0"
"13/11/2024 1:55:00 PM","Bangor-On-Dee","3665","Hurdle","Good To Soft","Hdle","0","","","Lautrec De Cougny","0","154","","Qualanke","Pour Moi","","","1","0","0","0","0","0","0","1","0","1","","5","330","6","694","364","2","83","93","94","94","0","2","0","2","0","2","0","2","0","2","0","2","0","1","0","0","21","21","0","","","","","","","","","","","","","0","","","","","","0","0","0","0","0","0","0","0","0","0","0","0","","","","","","","","","","","0","0","0","0","0","0","0","0","0","0","0","0","0","0","0","0","0","0","0","0","0",""
"13/11/2024 1:55:00 PM","Bangor-On-Dee","3665","Hurdle","Good To Soft","Hdle","0","","","Red N Yellow","0","154","","Madame Rouge","Flag Of Honour","","","1","0","0","0","0","0","0","1","0","1","","3","338","4","678","340","5","86","78","82","94","0","2","0","2","0","2","0","2","0","2","0","2","0","1","0","0","13","13","0","","","","","","","","","","","","","0","","","","","","0","0","0","0","0","0","0","0","0","0","0","0","","","","","","","","","","","0","0","0","0","0","0","0","0","0","0","0","0","0","0","0","0","0","0","0","0","0",""
"13/11/2024 2:15:00 PM","Ayr","5300","Chase","Good","Hcap-Cha","0","","","Artic Row","0","162","32","Line Artic","Yeats","773P1-F115U","","1","0","70","40","77","94","2","3","115","2","4.5","4","341","3","707","366","1","93","97","92","84","66","4","66","4","58","3","58","2","60","3","56","3","60","1","66","57","3.25","3.25","0","66","0","36","60","46","56","62","66.67","23.53","-3.75","5.88","2m 4f 15y","4415","168","115","0","","32","0","0","7","8","2","0","0","0","3","1","0","4415","115","0","11.73","0","88","77","94","93","","","1","1","2","0","0","1","0","0","1","4","0","5","2","0","7","1","8","1","2","0","0","0"
"13/11/2024 2:15:00 PM","Ayr","5300","Chase","Good","Hcap-Cha","0","","","Everyday Champagne","0","153","16","Magie De Toulouse","Doyen","214-4722205","","1","0","59","50","40","88","8","1","106","4","2.75","3","342","2","680","338","4","93","89","87","69","69","2","69","2","57","4","53","4","49","4","43","4","49","3","59","69","0","0","0","69","43","54","50","57","49","69","100","13.64","-7.68","27.27","3m 20y","5300","159","108","9.60000038146973","","16","0","0","14","6","2","0","0","0","2","1","0","5300","108","9.60000038146973","4.81","43","72","40","88","89","","","1","3","9","1","3","6","0","1","3","1","0","3","0","0","5","2","7","1","9","0","1","43"
"13/11/2024 2:15:00 PM","Ayr","5300","Chase","Good","Hcap-Cha","0","","","Ilikedwayurthinkin","0","168","79","Sway","Yeats","567-P703113","","1","0","88","77","91","95","4","2","121","1","5","1","350","1","715","365","2","92","93","94","86","77","1","71","1","61","2","62","1","62","2","71","1","50","2","62","0","2.1","2.1","0","80","71","52","61","60","62","77","87.8","14.63","-23.83","14.63","3m 1f 107y","5607","149","121","8","","79","0","0","18","23","0","0","0","0","4","2","0","5607","121","8","5.59","71","92","91","95","91","","","3","2","13","0","0","2","1","0","8","0","0","0","3","2","23","0","5","3","13","0","0","71"
"13/11/2024 2:15:00 PM","Ayr","5300","Chase","Good","Hcap-Cha","0","","","No Regrets","5","161","32","E Mac","Presenting","12132-7134F","","1","0","63","40","76","74","2","3","114","3","4.5","2","339","4","703","364","3","97","91","98","78","69","2","67","3","62","1","57","3","65","1","67","2","49","3","65","38","3.5","3.5","0","69","0","54","60","57","49","69","96.15","18.52","-1.9","22.22","2m 4f 15y","4415","163","115","0","","32","0","0","15","11","1","0","0","0","3","2","0","4415","115","0","8.94","0","81","76","74","93","","","3","2","8","2","3","8","0","2","7","0","1","4","2","2","11","0","8","3","8","0","0","0"
"13/11/2024 2:25:00 PM","Bangor-On-Dee","3665","Hurdle","Good To Soft","Nov-Hdle","0","","","Cher Monsieur","0","154","21","Ma Chere Amie","Castle Du Berlais","90","","1","0","48","45","51","0","2","4","0","1","14","8","291","5","507","216","11","63","63","60","30","46","5","46","5","36","5","36","5","36","5","46","4","27","3","0","0","101","101","0","46","46","36","36","36","36","27","100","0","-2","0","2m 3f 29y","4209","156","0","44","","21","0","0","0","2","0","0","0","0","0","0","0","4209","0","44","240","46","51","51","0","0","","","0","0","1","0","0","0","0","0","2","0","0","0","0","0","1","0","1","0","0","0","0","46"
"13/11/2024 2:25:00 PM","Bangor-On-Dee","3665","Hurdle","Good To Soft","Nov-Hdle","0","","","Cherry Brave","3","147","22","Delta Forty","Soldier Of Fortune","7P","","1","0","57","40","74","0","0","7","0","1","8.5","6","291","5","587","296","5","89","69","74","64","48","4","48","4","48","3","48","3","48","3","48","3","0","5","0","0","101","101","0","48","0","24","48","24","24","0","50","0","-2","0","2m 2f 111y","4071","151","0","0","","22","0","0","0","2","0","0","0","0","0","0","0","4071","0","0","250","0","74","74","0","0","","","0","0","1","0","0","0","0","0","2","0","0","0","0","0","1","0","1","0","0","0","0","0"
"13/11/2024 2:25:00 PM","Bangor-On-Dee","3665","Hurdle","Good To Soft","Nov-Hdle","0","","","Eagles Gold","0","154","226","Only Together","Free Eagle","5","","1","0","0","0","0","0","0","7","0","1","8.5","11","291","5","577","286","7","70","88","84","44","0","8","0","8","0","8","0","8","0","8","0","8","0","5","0","0","15","26","0","66","66","66","66","66","66","","","0","-1","0","1m 7f 171y","3471","149","0","9.5","","226","0","0","0","0","1","0","0","0","0","0","0","3471","0","9.5","17","66","0","0","0","0","","","0","0","0","0","0","0","0","0","0","0","0","0","0","0","0","0","0","0","1","0","0","66"
"13/11/2024 2:25:00 PM","Bangor-On-Dee","3665","Hurdle","Good To Soft","Nov-Hdle","0","","","Joltin N Jiving","0","154","","Drumderry","Court Cave","","","1","0","0","0","0","0","0","7","0","1","","7","249","11","570","321","2","73","87","79","82","0","8","0","8","0","8","0","8","0","8","0","8","0","5","0","0","5.5","7.5","0","","","","","","","","","","","","","0","","","","","","0","0","0","0","0","0","0","0","0","0","0","0","","","","","","","","","","","0","0","0","0","0","0","0","0","0","0","0","0","0","0","0","0","0","0","0","0","0",""
"13/11/2024 2:25:00 PM","Bangor-On-Dee","3665","Hurdle","Good To Soft","Nov-Hdle","0","","","Junker D'Allier","0","161","27","Star Flight","Kapgarde","22-21","","1","0","94","94","0","0","2","4","0","1","2.38","1","356","1","730","374","1","92","93","93","96","62","1","62","1","62","1","62","1","62","1","62","1","0","5","0","0","1.8","1.73","0","67","62","54","58","54","62","62","100","25","-1.75","75","2m 1f 33y","3773","154","0","0","","27","0","0","0","1","3","0","0","0","0","1","0","3773","0","0","2.41","62","0","0","0","0","","","0","1","1","1","0","1","1","1","2","0","0","0","1","1","2","0","1","0","1","0","0","62"
"13/11/2024 2:25:00 PM","Bangor-On-Dee","3665","Hurdle","Good To Soft","Nov-Hdle","0","","","Old Time Chaser","0","154","190","Simply Erin","Affinisea","46","","1","0","80","74","86","0","4","2","0","1","5.5","3","324","2","641","317","3","89","96","94","38","59","2","59","2","58","2","58","2","58","2","58","2","59","1","0","0","7","5.5","0","59","58","58","58","58","58","58","100","0","-2","0","2m 5f 192y","4812","157","0","19.5499992370605","","190","0","0","0","2","0","0","0","0","0","0","0","4812","0","19.5499992370605","4.25","58","86","86","0","0","","","0","0","1","0","0","0","0","0","1","0","0","0","0","0","0","0","1","0","1","0","0","58"
"13/11/2024 2:25:00 PM","Bangor-On-Dee","3665","Hurdle","Good To Soft","Nov-Hdle","0","","","Our Jesse Boy","0","154","26","Heron Marsh","Masterofthehorse","99","","1","0","46","46","0","0","0","7","0","1","51","10","266","8","517","251","10","70","58","59","64","16","6","16","6","16","6","16","6","16","6","16","6","0","5","0","0","101","101","0","54","16","35","35","35","35","16","100","0","-2","0","1m 7f 168y","3468","154","0","59.7999992370605","","26","0","0","0","1","1","0","0","0","0","0","0","3468","0","59.7999992370605","523.84","16","0","0","0","0","","","0","0","1","0","0","0","0","0","1","0","0","0","0","0","0","0","1","0","1","0","0","16"
"13/11/2024 2:25:00 PM","Bangor-On-Dee","3665","Hurdle","Good To Soft","Nov-Hdle","0","","","Sole Solution","3","154","678","Bell Storm","Sans Frontieres","1/1-","","1","0","0","0","0","0","6","1","0","1","","2","306","3","597","291","6","70","54","75","92","0","8","0","8","0","8","0","8","0","8","0","8","0","5","0","0","5","5","0","68","68","61","61","61","61","55","","100","5","0","1m 7f 182y","3482","162","0","0","","678","0","0","0","0","2","0","0","0","0","0","2","3482","0","0","4.6","68","82","82","0","0","","","0","0","0","1","0","1","0","0","0","1","0","1","2","0","2","0","0","0","0","0","0","68"
"13/11/2024 2:25:00 PM","Bangor-On-Dee","3665","Hurdle","Good To Soft","Nov-Hdle","0","","","Theatre Tom","0","154","","Theatre Bird","Soldier Of Fortune","","","1","0","0","0","0","0","0","7","0","1","","5","257","10","572","315","4","92","74","67","82","0","8","0","8","0","8","0","8","0","8","0","8","0","5","0","0","26","41","0","","","","","","","","","","","","","0","","","","","","0","0","0","0","0","0","0","0","0","0","0","0","","","","","","","","","","","0","0","0","0","0","0","0","0","0","0","0","0","0","0","0","0","0","0","0","0","0",""
"13/11/2024 2:25:00 PM","Bangor-On-Dee","3665","Hurdle","Good To Soft","Nov-Hdle","0","","","Wild Grouse","0","154","340","Come In Moscow","Getaway","55-","","1","0","71","79","63","0","4","2","0","1","14","4","306","3","567","261","9","73","70","68","50","58","3","58","3","47","4","47","4","47","4","36","5","58","2","0","0","34","51","0","58","36","47","47","47","47","36","100","0","-2","0","2m 209y","3729","154","0","86.25","","340","0","0","0","2","0","0","0","0","0","0","0","3729","0","86.25","37.32","36","63","63","0","0","","","0","0","0","0","0","1","0","0","1","0","0","0","0","0","2","0","0","0","0","0","0","36"
"13/11/2024 2:25:00 PM","Bangor-On-Dee","3665","Hurdle","Good To Soft","Nov-Hdle","0","","","Windsor Wife","0","147","12","Windsor Higgins","Doyen","98","","1","0","49","52","46","0","2","4","0","1","101","9","264","9","536","272","8","70","74","78","50","10","7","10","7","5","7","5","7","5","7","1","7","10","4","0","0","201","201","0","10","1","5","5","5","5","1","100","0","-2","0","1m 7f 168y","3468","160","0","69.0999984741211","","12","0","0","0","2","0","0","0","0","0","0","0","3468","0","69.0999984741211","612.46","1","46","46","0","0","","","0","0","0","0","0","1","0","0","2","0","0","0","0","0","1","0","0","0","1","0","0","1"
"13/11/2024 2:50:00 PM","Ayr","4500","Hurdle","Good","Hcap-Hdle","0","","","Follow Charlie","0","154","27","Lucyintheskywith","Court Cave","0942-141467","","1","0","65","62","60","73","0","7","103","7","10","7","260","8","561","301","5","70","87","78","66","63","6","63","4","49","8","54","5","44","5","56","4","43","6","44","58","7.5","7.5","0","63","56","45","47","47","44","58","100","18.18","2.5","9.09","2m 1f 33y","3773","152","105","22.1000003814697","","27","0","0","0","10","1","0","0","0","0","2","0","3773","105","22.1000003814697","9","56","76","60","73","94","","","0","0","0","2","0","4","0","0","7","2","1","5","1","1","8","1","3","0","0","0","0","56"
"13/11/2024 2:50:00 PM","Ayr","4500","Hurdle","Good","Hcap-Hdle","0","","","Fourofakind","5","168","10","In The House","Make Believe","6P22691714","","1","0","91","85","93","96","6","2","117","1","5","1","352","1","693","341","1","78","75","93","95","68","4","68","2","58","2","61","1","66","1","59","2","68","1","66","57","3.5","3.25","0","68","59","52","63","58","62","68","88.89","16.67","6.93","20.83","2m 3f 218y","4398","152","117","3.20000004768372","66","10","6","0","0","18","0","6","0","0","0","4","0","4398","117","3.20000004768372","12.37","59","84","93","96","62","","","2","2","11","2","0","4","4","4","14","0","0","0","2","2","7","0","6","2","11","0","0","59"
"13/11/2024 2:50:00 PM","Ayr","4500","Hurdle","Good","Hcap-Hdle","0","","","Fugitives Drift","7","158","304","Shebeganit","Yeats","1PP/22P86P-P","","1","0","58","40","65","69","6","2","107","5","","8","264","7","538","274","7","67","67","82","58","75","2","0","8","58","2","0","8","0","8","0","8","0","7","0","0","26","34","0","75","0","42","58","53","0","71","73.68","20","-8.47","20","2m 7f 96y","5156","159","0","0","","304","0","0","5","14","1","0","0","0","1","3","0","5156","0","0","9","0","49","40","53","53","","","3","2","11","0","0","3","2","2","7","0","0","0","1","0","5","0","4","3","11","0","0","0"
"13/11/2024 2:50:00 PM","Ayr","4500","Hurdle","Good","Hcap-Hdle","0","","","Highly Recommended","0","166","35","Celestial Harmony","Highland Reel","0-F31","","1","0","71","90","82","40","4","4","115","3","4.5","2","330","2","671","341","1","86","94","96","65","66","5","66","3","56","6","56","4","56","3","66","1","47","4","0","0","4","4","0","66","66","42","56","51","47","56","66.67","25","19","25","2m 5f 55y","4675","154","0","0","","35","0","0","0","3","1","0","0","0","0","1","0","4675","0","0","31.8","66","61","82","40","0","","","1","1","4","0","0","0","1","1","3","0","0","0","0","0","0","0","0","1","4","0","0","66"
"13/11/2024 2:50:00 PM","Ayr","4500","Hurdle","Good","Hcap-Hdle","0","","","Kilbrainy","0","158","20","Portryan Native","Beat Hollow","342416-8001","","1","0","63","93","56","40","0","7","107","5","6.5","5","267","6","589","322","3","94","89","92","47","63","6","47","6","53","7","41","6","39","7","29","7","47","4","39","43","5.5","6","0","63","29","46","38","49","39","58","93.75","10.53","8","10.53","2m 3f 218y","4398","161","103","0","","20","0","0","0","16","3","0","0","0","0","2","0","4398","103","0","45.13","29","51","56","40","56","","","0","1","10","2","0","6","1","1","13","0","0","2","0","0","3","2","5","0","10","0","1","29"
"13/11/2024 2:50:00 PM","Ayr","4500","Hurdle","Good","Hcap-Hdle","0","","","Kinbara Firstdraft","0","161","56","Kimberely Bay","Koropick","5-873186","","1","0","83","75","78","95","2","5","110","4","8.5","4","299","4","600","301","5","83","89","67","62","62","8","62","5","58","2","58","3","58","2","58","3","58","2","62","61","7","7.5","0","62","58","48","59","58","58","61","100","14.29","2","14.29","2m 4f 189y","4589","151","111","13.1999998092651","","56","0","0","0","6","1","0","0","0","0","1","0","4589","111","13.1999998092651","14","58","85","78","95","82","","","0","0","3","0","0","1","1","1","5","0","0","0","0","0","2","0","1","0","3","1","1","58"
"13/11/2024 2:50:00 PM","Ayr","4500","Hurdle","Good","Hcap-Hdle","0","","","Malangen","3","143","10","Lady's Locket","Born To Sea","2353554637","","1","0","69","58","83","67","8","1","92","8","7","3","308","3","563","255","8","86","74","75","20","74","3","69","1","57","5","59","2","56","3","56","4","52","3","60","44","13","13","0","74","56","52","56","56","56","71","95.95","14.29","-12.04","19.48","2m 1f 33y","3773","143","93","25.7999992370605","1619","10","2","1","8","66","0","3","1","0","1","9","0","3773","93","25.7999992370605","26.4","56","74","83","67","73","","","7","10","41","3","6","19","6","12","52","0","1","1","2","1","15","1","14","7","41","1","6","56"
"13/11/2024 2:50:00 PM","Ayr","4500","Hurdle","Good","Hcap-Hdle","0","","","Quid Pro Quo","0","167","28","Thieving Gypsy","Beat Hollow","PP3122325-0","","1","0","69","40","80","87","2","5","116","2","14","6","279","5","593","314","4","97","86","88","43","77","1","40","7","59","1","40","7","40","6","40","6","0","7","0","0","17","17","0","77","40","48","51","52","47","77","85.71","25","-2.84","12.5","3m 26y","5306","168","119","53.8499984741211","","28","0","0","9","5","2","0","0","0","1","2","1","5306","119","53.8499984741211","59.41","40","86","80","87","90","","","2","2","9","1","1","5","3","0","5","0","0","0","1","0","1","1","6","2","9","0","0","40"
"13/11/2024 3:00:00 PM","Bangor-On-Dee","3665","Hurdle","Good To Soft","Nov-Hdle","0","","","Badbury Rings","0","154","17","Barton Heather","Black Sam Bellamy","60","","1","0","63","55","70","0","2","4","0","2","17","7","280","8","514","234","9","64","71","67","32","40","3","40","3","38","4","38","4","38","4","37","5","40","1","0","0","101","101","0","40","37","38","38","38","38","37","100","0","-2","0","1m 7f 50y","3350","158","0","41.4000015258789","","17","0","0","0","2","0","0","0","0","0","0","0","3350","0","41.4000015258789","20.72","37","70","70","0","0","","","0","0","0","0","0","0","0","0","2","0","0","0","0","0","1","0","0","0","1","0","0","37"
"13/11/2024 3:00:00 PM","Bangor-On-Dee","3665","Hurdle","Good To Soft","Nov-Hdle","0","","","Dangerous Touch","0","154","22","A Touch Of Sparkle","Vendangeur","476","","1","0","60","60","0","0","2","4","0","2","23","7","284","7","578","294","3","89","86","93","26","39","4","39","4","39","3","39","3","39","3","39","3","0","2","0","0","15","21","0","69","39","55","55","58","58","58","100","0","-3","0","2m 2f 111y","4071","158","0","30.25","","22","0","0","0","1","2","0","0","0","0","0","0","4071","0","30.25","5.76","39","0","0","0","0","","","0","0","1","0","0","1","0","0","2","0","0","0","0","0","2","0","1","0","0","0","0","39"
"13/11/2024 3:00:00 PM","Bangor-On-Dee","3665","Hurdle","Good To Soft","Nov-Hdle","0","","","Doctor Kildare","0","154","207","Lofte Place","Doctor Dino","41","","1","0","0","0","0","0","4","2","0","2","6","1","340","1","703","363","1","90","93","92","88","0","7","0","7","0","7","0","7","0","7","0","7","0","2","0","0","3.25","3.5","0","55","44","49","49","49","49","44","","50","0.5","0","2m 145y","3665","154","0","0","","207","0","0","0","0","2","0","0","0","0","0","1","3665","0","0","2.42","44","76","76","0","0","","","0","0","0","1","0","2","1","0","2","1","0","1","1","0","2","0","0","0","0","0","0","44"
"13/11/2024 3:00:00 PM","Bangor-On-Dee","3665","Hurdle","Good To Soft","Nov-Hdle","0","","","Gentleman Bill","0","154","27","Snow Water","Rule Of Law","13","","1","0","82","82","0","0","6","1","0","2","8.5","2","328","2","648","320","2","69","77","80","94","38","5","38","5","38","4","38","4","38","4","38","4","0","2","0","0","6.5","6","0","47","38","42","42","42","42","38","100","50","1.25","50","2m 1f 33y","3773","154","0","14.5","","27","0","0","0","1","1","0","0","0","0","0","1","3773","0","14.5","3.5","38","0","0","0","0","","","0","0","0","1","1","2","0","1","1","0","0","0","1","1","2","0","0","0","0","0","0","38"
"13/11/2024 3:00:00 PM","Bangor-On-Dee","3665","Hurdle","Good To Soft","Nov-Hdle","0","","","Good Company","0","154","","On Yer Own","Dragon Dancer","","","1","0","0","0","0","0","0","8","0","2","","6","246","9","504","258","8","69","55","54","80","0","7","0","7","0","7","0","7","0","7","0","7","0","2","0","0","67","67","0","","","","","","","","","","","","","0","","","","","","0","0","0","0","0","0","0","0","0","0","0","0","","","","","","","","","","","0","0","0","0","0","0","0","0","0","0","0","0","0","0","0","0","0","0","0","0","0",""
"13/11/2024 3:00:00 PM","Bangor-On-Dee","3665","Hurdle","Good To Soft","Nov-Hdle","0","","","Gwennie May Star","0","154","20","Grande Symphonie","Masterstroke","93P8","","1","0","50","60","40","0","0","8","0","2","6.5","4","314","4","543","229","11","87","95","87","-40","50","2","50","2","50","2","50","2","50","2","50","2","0","2","0","0","34","51","0","73","50","45","61","55","50","60","50","0","-4","25","1m 7f 169y","3469","152","0","20.6000003814697","","20","0","0","0","2","2","0","0","0","0","0","0","3469","0","20.6000003814697","21.57","50","40","40","0","0","","","0","0","2","0","1","2","0","1","3","0","1","1","0","0","1","0","2","0","1","0","0","50"
"13/11/2024 3:00:00 PM","Bangor-On-Dee","3665","Hurdle","Good To Soft","Nov-Hdle","0","","","I'm A Lumberjack","0","154","214","Decision Made","Jack Hobbs","226-39","","1","0","0","0","0","0","0","8","0","2","4.33","5","311","5","543","232","10","74","77","75","6","0","7","0","7","0","7","0","7","0","7","0","7","0","2","0","0","2.38","2.2","0","72","72","61","70","67","72","72","","0","-5","60","2m 209y","3729","158","0","12.8500003814697","","214","0","0","0","0","5","0","0","0","0","0","0","3729","0","12.8500003814697","24.59","72","92","93","91","91","","","0","1","3","0","3","4","0","1","1","0","0","0","0","2","2","0","3","0","0","0","0","72"
"13/11/2024 3:00:00 PM","Bangor-On-Dee","3665","Hurdle","Good To Soft","Nov-Hdle","0","","","Kadjar Des Mottes","0","154","27","Sauves La Reine","Balko","6","","1","0","0","0","0","0","4","2","0","2","15","9","286","6","548","262","6","73","81","78","30","0","7","0","7","0","7","0","7","0","7","0","7","0","2","0","0","13","21","0","52","52","52","52","52","52","","","0","-1","0","2m 1f 33y","3773","155","0","11.8000001907349","","27","0","0","0","0","1","0","0","0","0","0","0","3773","0","11.8000001907349","6","52","0","0","0","0","","","0","0","0","0","0","1","0","0","0","0","0","0","0","0","1","0","0","0","0","0","0","52"
"13/11/2024 3:00:00 PM","Bangor-On-Dee","3665","Hurdle","Good To Soft","Nov-Hdle","0","","","Oh My Johnny","0","154","20","Milan Dancer","Soldier Of Fortune","4","","1","0","80","80","0","0","2","4","0","2","9","3","319","3","581","262","6","72","66","68","56","57","1","57","1","57","1","57","1","57","1","57","1","0","2","0","0","11","8","0","57","57","57","57","57","57","","100","0","-1","0","1m 7f 169y","3469","155","0","5.75","","20","0","0","0","1","0","0","0","0","0","0","0","3469","0","5.75","4.26","57","0","0","0","0","","","0","0","1","0","0","0","0","0","1","0","0","0","0","0","0","0","1","0","0","0","0","57"
"13/11/2024 3:00:00 PM","Bangor-On-Dee","3665","Hurdle","Good To Soft","Nov-Hdle","0","","","Royal King","3","154","","Anaqueen","Saint Des Saints","","","1","0","0","0","0","0","0","8","112","1","","11","228","11","515","287","4","75","63","69","80","0","7","0","7","0","7","0","7","0","7","0","7","0","2","0","0","34","51","0","","","","","","","","","","","","","0","","","","","","0","0","0","0","0","0","0","0","0","0","0","0","","","","","","","","","","","0","0","0","0","0","0","0","0","0","0","0","0","0","0","0","0","0","0","0","0","0",""
"13/11/2024 3:00:00 PM","Bangor-On-Dee","3665","Hurdle","Good To Soft","Nov-Hdle","0","","","Winchmore Hill","0","154","248","Hats And Heels","Walk In The Park","6","","1","0","55","55","0","0","2","4","0","2","21","10","245","10","517","272","5","73","61","62","76","32","6","32","6","32","6","32","6","32","6","32","6","0","2","0","0","26","29","0","32","32","32","32","32","32","","100","0","-1","0","2m 4f 189y","4589","158","0","20","","248","0","0","0","1","0","0","0","0","0","0","0","4589","0","20","6.82","32","0","0","0","0","","","0","0","0","0","0","0","0","0","1","0","0","0","0","0","1","0","0","0","0","0","0","32"
"13/11/2024 3:25:00 PM","Ayr","3520","NHF","Good","NHF","0","","","Castle Carrock","0","156","","Myztique","Mahler","","","1","0","0","0","0","0","0","1","0","1","","2","362","2","754","392","1","100","99","93","100","0","2","0","2","0","2","0","2","0","2","0","2","0","1","0","0","1.83","1.83","0","","","","","","","","","","","","","0","","","","","","0","0","0","0","0","0","0","0","0","0","0","0","","","","","","","","","","","0","0","0","0","0","0","0","0","0","0","0","0","0","0","0","0","0","0","0","0","0",""
"13/11/2024 3:25:00 PM","Ayr","3520","NHF","Good","NHF","0","","","Glenville","0","156","186","Glenora Gale","Getaway","0","","1","0","57","57","0","0","0","1","0","1","","1","376","1","689","313","6","88","93","92","40","45","1","45","1","45","1","45","1","45","1","45","1","0","1","0","0","34","34","0","45","45","45","45","45","45","","","0","-1","0","1m 7f 144y","3444","154","0","57.5","","186","0","0","0","0","1","0","0","0","0","0","0","3444","0","57.5","34.2","45","0","0","0","0","","","0","0","0","0","0","1","0","0","0","0","0","0","0","0","0","0","1","0","0","0","0","45"
"13/11/2024 3:25:00 PM","Ayr","3520","NHF","Good","NHF","0","","","Jack Dempsey","5","156","","Belfast Central","Jack Hobbs","","","1","0","0","0","0","0","0","1","0","1","","3","358","3","702","344","5","84","80","80","100","0","2","0","2","0","2","0","2","0","2","0","2","0","1","0","0","34","34","0","","","","","","","","","","","","","0","","","","","","0","0","0","0","0","0","0","0","0","0","0","0","","","","","","","","","","","0","0","0","0","0","0","0","0","0","0","0","0","0","0","0","0","0","0","0","0","0",""
"13/11/2024 3:25:00 PM","Ayr","3520","NHF","Good","NHF","0","","","Portnablagh","0","156","","Chosen Law","Berkshire","","","1","0","0","0","0","0","0","1","0","1","","3","358","3","725","367","2","85","92","90","100","0","2","0","2","0","2","0","2","0","2","0","2","0","1","0","0","15","15","0","","","","","","","","","","","","","0","","","","","","0","0","0","0","0","0","0","0","0","0","0","0","","","","","","","","","","","0","0","0","0","0","0","0","0","0","0","0","0","0","0","0","0","0","0","0","0","0",""
"13/11/2024 3:25:00 PM","Ayr","3520","NHF","Good","NHF","0","","","Shes All Pride","3","149","","Ballyallia Pride","Order Of St George","","","1","0","0","0","0","0","0","1","0","1","","3","358","3","709","351","4","83","80","88","100","0","2","0","2","0","2","0","2","0","2","0","2","0","1","0","0","4.33","5","0","","","","","","","","","","","","","0","","","","","","0","0","0","0","0","0","0","0","0","0","0","0","","","","","","","","","","","0","0","0","0","0","0","0","0","0","0","0","0","0","0","0","0","0","0","0","0","0",""
"13/11/2024 3:25:00 PM","Ayr","3520","NHF","Good","NHF","0","","","Wild Reiver","5","156","","Supreme Benny","Valirann","","","1","0","0","0","0","0","0","1","0","1","","3","358","3","717","359","3","88","84","87","100","0","2","0","2","0","2","0","2","0","2","0","2","0","1","0","0","4","4","0","","","","","","","","","","","","","0","","","","","","0","0","0","0","0","0","0","0","0","0","0","0","","","","","","","","","","","0","0","0","0","0","0","0","0","0","0","0","0","0","0","0","0","0","0","0","0","0",""
"13/11/2024 3:35:00 PM","Bangor-On-Dee","4303","Hurdle","Good To Soft","Hcap-Hdle","0","","","Aston Martini","0","150","272","Gabriella Rose","Getaway","11-24","","1","0","92","89","92","95","4","3","120","10","9.5","1","271","5","635","364","1","87","95","92","90","75","7","75","3","59","9","59","8","59","8","59","7","75","3","59","0","4.5","5","0","75","59","58","64","59","59","59","100","50","0.75","25","2m 3f 173y","4353","161","122","42","","272","0","0","0","3","1","0","0","0","0","1","1","4353","122","42","6.95","59","94","92","95","0","","","0","0","0","1","0","2","0","1","1","0","0","0","0","1","2","0","0","2","2","0","0","59"
"13/11/2024 3:35:00 PM","Bangor-On-Dee","4303","Hurdle","Good To Soft","Hcap-Hdle","0","","","Benassi","3","151","305","Kylebeg Krystle","Westerner","3/121P2-7","","1","0","69","63","77","67","4","3","121","9","9.5","8","238","9","492","254","7","86","51","60","57","74","8","74","5","59","9","63","5","63","6","53","8","74","4","0","0","17","17","0","74","53","50","62","57","53","65","85.71","28.57","-0.88","28.57","2m 3f 154y","4334","154","123","39.75","","305","0","0","0","7","0","0","0","0","0","2","0","4334","123","39.75","4.75","53","77","77","67","88","","","1","1","3","0","0","3","0","0","1","0","0","0","1","1","4","1","3","0","0","0","0","53"
"13/11/2024 3:35:00 PM","Bangor-On-Dee","4303","Hurdle","Good To Soft","Hcap-Hdle","0","","","Cheddleton","0","160","193","Over Sixty","Shirocco","4332/44P-1PP","","1","0","68","67","53","85","2","6","130","5","11","6","242","8","508","266","6","67","75","77","47","78","5","0","9","68","3","0","9","0","9","0","9","0","9","0","0","21","21","0","78","0","59","57","70","0","78","85.71","27.27","-0.83","18.18","3m","5280","163","138","0","","193","0","0","13","8","1","0","0","0","3","2","1","5280","138","0","29","0","81","88","62","93","","","0","1","3","0","0","3","0","3","10","1","0","2","6","3","19","0","3","0","0","0","0","0"
"13/11/2024 3:35:00 PM","Bangor-On-Dee","4303","Hurdle","Good To Soft","Hcap-Hdle","0","","","Della Casa Lunga","0","165","195","Longhouse Presents","Champs Elysees","132P328-11P","","1","0","89","80","94","93","12","1","135","2","10","7","293","3","494","201","10","61","65","62","13","76","6","74","5","71","2","68","2","71","1","71","2","74","4","50","66","21","21","0","76","0","49","65","55","71","74","75","18.75","9.13","31.25","2m 7f 110y","5170","155","133","0","","195","0","0","0","12","4","0","0","0","0","3","0","5170","133","0","24.54","0","88","94","93","76","","","0","3","7","0","2","3","0","0","1","0","0","0","2","2","5","0","7","1","4","0","0","0"
"13/11/2024 3:35:00 PM","Bangor-On-Dee","4303","Hurdle","Good To Soft","Hcap-Hdle","0","","","Homme Public","7","168","32","Uddy","Cokoriko","200112-1768","","1","0","83","84","75","91","0","8","138","1","8","10","302","2","490","188","11","61","62","60","5","70","9","0","9","65","5","0","9","0","9","0","9","0","9","0","0","15","21","0","82","66","65","63","67","66","79","100","31.82","10.71","18.18","2m 3f 98y","4278","147","140","39","","32","0","0","7","15","0","0","0","0","3","4","0","4278","140","39","15.5","66","83","65","91","93","","","3","1","7","0","1","5","1","2","8","0","1","1","1","3","8","3","7","3","7","0","0","66"
"13/11/2024 3:35:00 PM","Bangor-On-Dee","4303","Hurdle","Good To Soft","Hcap-Hdle","0","","","Itsnoteasy","0","146","327","Everybodys Dream","Ocovango","521-","","1","0","82","94","80","73","6","2","116","11","15","3","234","10","571","337","2","86","87","90","74","62","10","62","8","62","8","62","6","62","7","62","5","62","7","0","0","8","7","0","62","62","60","60","62","62","62","100","33.33","-1.17","33.33","2m 3f 207y","4387","158","0","0","","327","0","0","0","3","0","0","0","0","0","1","0","4387","0","0","1.93","62","77","80","73","0","","","0","0","1","1","1","3","0","0","0","0","0","0","1","1","2","0","1","0","0","0","0","62"
"13/11/2024 3:35:00 PM","Bangor-On-Dee","4303","Hurdle","Good To Soft","Hcap-Hdle","0","","","Jipcot","0","153","31","Blinngaroe","Choeur Du Nord","007F3-137","","1","0","86","77","94","88","2","6","123","7","8.5","4","276","4","491","215","9","72","71","65","7","85","1","85","1","64","6","66","4","66","4","66","4","85","1","56","0","7","7","0","85","66","58","69","64","66","67","87.5","12.5","-3.5","12.5","1m 7f 182y","3482","155","124","16.7999992370605","","31","0","0","3","5","0","0","0","0","0","1","0","3482","124","16.7999992370605","12.84","66","83","67","94","88","","","0","0","3","0","0","1","0","1","2","0","0","0","1","1","5","0","3","0","0","0","0","66"
"13/11/2024 3:35:00 PM","Bangor-On-Dee","4303","Hurdle","Good To Soft","Hcap-Hdle","0","","","Jungle Jack","0","161","171","Skew","Doyen","12/219P-2602","","1","0","80","91","74","75","4","3","131","4","7","2","321","1","598","277","4","68","79","78","52","83","3","75","3","64","6","62","6","65","5","75","1","41","8","65","59","8.5","9","0","83","75","58","60","64","65","75","92.86","35.71","2.71","28.57","2m 51y","3571","168","131","2.75","","171","0","0","1","13","0","0","0","0","0","5","0","3571","131","2.75","9.97","75","78","74","75","84","","","2","1","5","1","1","4","1","1","4","2","1","4","3","3","9","2","5","0","0","0","0","75"
"13/11/2024 3:35:00 PM","Bangor-On-Dee","4303","Hurdle","Good To Soft","Hcap-Hdle","0","","","Lemoncello","5","152","","That's Nellie","Spider Flight","","","1","0","0","0","0","0","0","8","122","8","","10","162","11","413","251","8","68","77","70","36","0","11","0","9","0","11","0","9","0","9","0","9","0","9","0","0","8.5","9","0","","","","","","","","","","","","","0","","","","","","0","0","0","0","0","0","0","0","0","0","0","0","","","","","","","","","","","0","0","0","0","0","0","0","0","0","0","0","0","0","0","0","0","0","0","0","0","0",""
"13/11/2024 3:35:00 PM","Bangor-On-Dee","4303","Hurdle","Good To Soft","Hcap-Hdle","0","","","Might I","0","165","186","Our Honey","Fame And Glory","28/24213-066","","1","0","90","88","94","88","0","8","135","2","14","5","269","6","540","271","5","88","73","91","19","80","4","79","2","72","1","70","1","70","2","70","3","79","2","59","0","6.5","5.5","0","80","70","70","69","72","70","79","100","20","5.15","26.67","3m 58y","5338","163","138","18.4500007629395","","186","0","0","3","10","2","0","0","0","1","1","1","5338","138","18.4500007629395","14.56","70","92","94","88","94","","","1","2","5","1","1","3","0","2","4","0","0","0","2","2","9","1","5","0","1","0","0","70"
"13/11/2024 3:35:00 PM","Bangor-On-Dee","4303","Hurdle","Good To Soft","Hcap-Hdle","0","","","West To The Bridge","0","159","40","Godlylady","Flemensfirth","21962F-5443","","1","0","75","72","84","69","0","8","129","6","13","9","245","7","565","320","3","86","93","87","54","85","1","70","7","66","4","67","3","68","3","60","6","68","6","70","66","8","9","0","85","60","56","66","64","68","76","89.58","17.31","33.85","17.31","2m 1f 162y","3902","164","131","22","","40","0","0","5","43","4","0","0","0","0","9","0","3902","131","22","42.06","60","73","84","69","66","","","0","3","15","6","3","20","1","3","13","1","0","2","9","6","34","0","15","0","3","0","0","60"
"13/11/2024 4:05:00 PM","Bangor-On-Dee","5092","Hurdle","Good To Soft","Nov-Hdle","0","","","Bea My Shadow","5","147","12","Lolli","Flemensfirth","7P","","1","0","53","53","0","0","4","1","0","3","","6","294","6","585","291","7","72","73","78","68","0","7","0","7","0","7","0","7","0","7","0","7","0","5","0","0","101","101","0","0","0","0","0","0","0","0","0","0","-2","0","2m 3f 154y","4334","142","0","0","","12","0","0","0","1","1","0","0","0","0","0","0","4334","0","0","540","0","0","0","0","0","","","0","0","0","0","0","0","0","0","0","0","0","0","0","0","1","0","0","0","1","0","0","0"
"13/11/2024 4:05:00 PM","Bangor-On-Dee","5092","Hurdle","Good To Soft","Nov-Hdle","0","","","Beaufort Scale","0","161","39","Carrigeen Aspen","Sholokhov","43213U9","","1","0","63","62","53","74","4","1","0","3","6","2","343","2","679","336","3","93","88","77","78","57","2","57","2","56","2","56","2","56","2","56","2","48","2","57","57","2.88","3.75","0","59","56","45","53","56","48","57","80","14.29","-1","28.57","3m","5280","149","123","55.25","","39","0","0","0","5","2","0","0","0","0","1","0","5280","123","55.25","20.9","56","74","53","74","96","","","0","0","1","0","0","1","1","1","3","0","0","0","0","1","2","0","1","1","4","0","0","56"
"13/11/2024 4:05:00 PM","Bangor-On-Dee","5092","Hurdle","Good To Soft","Nov-Hdle","0","","","Carrig Kate","0","147","25","Carrig Millie","Westerner","42","","1","0","83","83","0","0","4","1","0","3","4.5","3","336","3","679","343","2","81","89","93","80","51","4","51","4","51","3","51","3","51","3","51","4","0","5","0","0","6","6","0","51","51","51","51","51","51","51","100","0","-2","50","2m 6f 7y","4847","148","0","3.75","","25","0","0","0","1","1","0","0","0","0","0","0","4847","0","3.75","16.11","51","0","0","0","0","","","0","0","0","0","0","0","0","1","1","0","0","0","0","1","2","0","0","0","0","0","0","51"
"13/11/2024 4:05:00 PM","Bangor-On-Dee","5092","Hurdle","Good To Soft","Nov-Hdle","0","","","Latenightrumble","3","154","41","Latenightdip","Sulamani","257","","1","0","54","58","50","0","2","5","110","2","10","7","282","7","568","286","8","87","76","79","44","37","6","37","6","34","6","34","6","34","6","37","6","31","4","0","0","13","17","0","51","37","39","39","37","37","37","100","0","-3","33.33","2m","3520","154","0","32.75","","41","0","0","1","2","0","0","0","0","0","0","0","3520","0","32.75","122.86","37","50","50","0","0","","","0","0","1","0","0","0","0","1","3","0","0","0","0","1","1","0","1","0","1","0","0","37"
"13/11/2024 4:05:00 PM","Bangor-On-Dee","5092","Hurdle","Good To Soft","Nov-Hdle","0","","","Minella Rescue","0","161","178","Some Catch","Beat Hollow","3118-431","","1","0","86","88","86","83","2","5","118","1","3.5","1","351","1","725","374","1","85","97","92","100","61","1","61","1","60","1","60","1","60","1","59","1","60","1","61","0","2.63","2.1","0","75","59","61","60","61","60","65","100","42.86","-0.72","14.29","2m 6f 7y","4847","157","118","0","","178","0","0","0","3","4","0","0","0","0","1","2","4847","118","0","1.35","59","85","86","83","0","","","0","1","1","0","0","0","2","0","2","0","0","0","0","0","1","0","1","3","5","0","0","59"
"13/11/2024 4:05:00 PM","Bangor-On-Dee","5092","Hurdle","Good To Soft","Nov-Hdle","0","","","Night Duty","0","154","25","Lerichi","Kalanisi","3-5","","1","0","70","57","82","0","0","8","0","3","6","5","303","4","625","322","5","89","83","82","68","48","5","46","5","47","4","46","4","46","4","46","5","0","5","0","0","10","12","0","48","46","47","47","47","47","46","100","0","-2","50","2m 6f 7y","4847","158","0","15.5","","25","0","0","0","2","0","0","0","0","0","0","0","4847","0","15.5","6.25","46","82","82","0","0","","","0","1","1","0","0","0","0","1","2","0","0","0","0","0","1","0","1","0","0","0","0","46"
"13/11/2024 4:05:00 PM","Bangor-On-Dee","5092","Hurdle","Good To Soft","Nov-Hdle","0","","","Subtle Fortune","0","147","628","Subtilty","Soldier Of Fortune","7-","","1","0","0","0","0","0","4","1","0","3","","8","276","8","610","334","4","86","81","79","88","0","7","0","7","0","7","0","7","0","7","0","7","0","5","0","0","11","11","0","46","46","46","46","46","46","","","0","-1","0","2m","3520","151","0","28.2999992370605","","628","0","0","0","0","1","0","0","0","0","0","0","3520","0","28.2999992370605","9.61","46","0","0","0","0","","","0","0","0","0","0","0","0","0","0","0","0","0","0","0","0","0","0","0","1","0","0","46"
"13/11/2024 4:05:00 PM","Bangor-On-Dee","5092","Hurdle","Good To Soft","Nov-Hdle","0","","","The Big Breac","0","154","20","Courtmac Memories","Malinas","96","","1","0","63","74","51","0","2","5","0","3","12","4","300","5","611","311","6","72","74","85","80","54","3","54","3","44","5","44","5","44","5","54","3","34","3","0","0","101","101","0","54","54","44","44","44","44","34","100","0","-2","0","2m 3f 218y","4398","151","0","26.0499992370605","","20","0","0","0","2","0","0","0","0","0","0","0","4398","0","26.0499992370605","350","54","51","51","0","0","","","0","0","2","0","0","0","0","0","2","0","0","0","0","0","0","0","2","0","0","0","0","54"
